"Record Number","View Contact URL","First Name","Last Name","Email - Home","Postal Code - Home"
"2","http://www.peopleshistory.us/civicrm/contact/view?reset=1&amp;cid=390","Regina","Acebo","racebo67@yahoo.com",""
"3","http://www.peopleshistory.us/civicrm/contact/view?reset=1&amp;cid=391","Dustin","Acton","moonwatcher82@hotmail.com",""
"4","http://www.peopleshistory.us/civicrm/contact/view?reset=1&amp;cid=392","Judith","Adams","jdarnbro@hotmail.com",""
"5","http://www.peopleshistory.us/civicrm/contact/view?reset=1&amp;cid=393","Khatija","Afroze","afroze@gmail.com",""
"6","http://www.peopleshistory.us/civicrm/contact/view?reset=1&amp;cid=394","Rose","Aguilar","roseaguilar@mac.com",""
"7","http://www.peopleshistory.us/civicrm/contact/view?reset=1&amp;cid=395","Vanessa","Alabarces","theblurst@gmail.com",""
"8","http://www.peopleshistory.us/civicrm/contact/view?reset=1&amp;cid=396","Matea","Alexander","mattealynn@hotmail.com",""
"9","http://www.peopleshistory.us/civicrm/contact/view?reset=1&amp;cid=397","Susan","Ambrose","susan.amrose@gmail.com",""
"10","http://www.peopleshistory.us/civicrm/contact/view?reset=1&amp;cid=398","Carley","Amigone","cdamigone@yahoo.com",""
"11","http://www.peopleshistory.us/civicrm/contact/view?reset=1&amp;cid=399","Artemis","Anderson","artemisanderson@yahoo.com",""
"12","http://www.peopleshistory.us/civicrm/contact/view?reset=1&amp;cid=400","Lucy","Anderson","anderson_415@hotmail.com",""
"13","http://www.peopleshistory.us/civicrm/contact/view?reset=1&amp;cid=401","Thomas","Andrews","tomandrewsusa@comcast.net",""
"14","http://www.peopleshistory.us/civicrm/contact/view?reset=1&amp;cid=402","Yira","Angulo","yira.angulo@gmail.com",""
"15","http://www.peopleshistory.us/civicrm/contact/view?reset=1&amp;cid=403","Abigail","Anker","abbyanker@hotmail.com",""
"16","http://www.peopleshistory.us/civicrm/contact/view?reset=1&amp;cid=404","Joan","Anyon","janyon@comcast.net",""
"17","http://www.peopleshistory.us/civicrm/contact/view?reset=1&amp;cid=405","Andrew","Ardinger","ardinger@gmail.com",""
"18","http://www.peopleshistory.us/civicrm/contact/view?reset=1&amp;cid=406","Erica","Ashby","ashby.erica@gmail.com",""
"19","http://www.peopleshistory.us/civicrm/contact/view?reset=1&amp;cid=407","Mary","Ashby","mryanashby@aol.com","94517"
"20","http://www.peopleshistory.us/civicrm/contact/view?reset=1&amp;cid=408","Boone","Ashlock","tabootongue@gmail.com","94102"
"21","http://www.peopleshistory.us/civicrm/contact/view?reset=1&amp;cid=409","Tanya","Ashur","tashur2000@yahoo.com",""
"22","http://www.peopleshistory.us/civicrm/contact/view?reset=1&amp;cid=410","Jeremy","Asuncion","gemsun1@msn.com",""
"23","http://www.peopleshistory.us/civicrm/contact/view?reset=1&amp;cid=411","Ellen","Atkinson","atkinson.ellen@gmail.com",""
"24","http://www.peopleshistory.us/civicrm/contact/view?reset=1&amp;cid=412","Gretchen","Atwood","gretchenatwood@yahoo.com",""
"25","http://www.peopleshistory.us/civicrm/contact/view?reset=1&amp;cid=413","Glenna","Auerback","glennamari@yahoo.com","94109"
"26","http://www.peopleshistory.us/civicrm/contact/view?reset=1&amp;cid=414","Glenna","Auerback","glennamarie@yahoo.com","94109"
"27","http://www.peopleshistory.us/civicrm/contact/view?reset=1&amp;cid=415","Lucy","August-Perna","lucy.augustperna@gmail.com",""
"28","http://www.peopleshistory.us/civicrm/contact/view?reset=1&amp;cid=416","Benjamin","Avery","Btavery13@gmail.com",""
"29","http://www.peopleshistory.us/civicrm/contact/view?reset=1&amp;cid=417","Corinne","Avganim","avganim.corinne@gmail.com",""
"30","http://www.peopleshistory.us/civicrm/contact/view?reset=1&amp;cid=418","Carol","Azar","cfasarmph@yahoo.com","94610"
"31","http://www.peopleshistory.us/civicrm/contact/view?reset=1&amp;cid=419","Janet","Babb","devprog@aol.com",""
"32","http://www.peopleshistory.us/civicrm/contact/view?reset=1&amp;cid=420","Michelle","Baker","m_bake55@yahoo.com",""
"33","http://www.peopleshistory.us/civicrm/contact/view?reset=1&amp;cid=421","Matthew","Balano","mattbalano7@yahoo.com"
"34","http://www.peopleshistory.us/civicrm/contact/view?reset=1&amp;cid=422","Ashok","Bardhan","bardhan@haas.berkeley.edu"
"35","http://www.peopleshistory.us/civicrm/contact/view?reset=1&amp;cid=423","Sandy","Barra","sandy@synergyschool.org"
"36","http://www.peopleshistory.us/civicrm/contact/view?reset=1&amp;cid=424","Adriana","Barrasalas","abarrasalas@comcast.net"
"37","http://www.peopleshistory.us/civicrm/contact/view?reset=1&amp;cid=425","Nicole","Barry","nikacoatesbarry@yahoo.com"
"38","http://www.peopleshistory.us/civicrm/contact/view?reset=1&amp;cid=426","Elida M","Bautista","elidamargarita@gmail.com"
"39","http://www.peopleshistory.us/civicrm/contact/view?reset=1&amp;cid=427","Christopher","Beahn","cbeahn@yahoo.com"
"40","http://www.peopleshistory.us/civicrm/contact/view?reset=1&amp;cid=428","Victoria","Beckner","beckner@sfpsychology.com"
"41","http://www.peopleshistory.us/civicrm/contact/view?reset=1&amp;cid=429","Barbara","Becnel","Barbbec@pacbell.net"
"42","http://www.peopleshistory.us/civicrm/contact/view?reset=1&amp;cid=430","Dan","Benton","bonbosity@yahoo.com"
"43","http://www.peopleshistory.us/civicrm/contact/view?reset=1&amp;cid=431","Kristin","Berger","kristinberger@sbcglobal.net"
"44","http://www.peopleshistory.us/civicrm/contact/view?reset=1&amp;cid=432","Deborah","Berne","dberne@earthlink.net"
"45","http://www.peopleshistory.us/civicrm/contact/view?reset=1&amp;cid=433","Raymond","Bernreuter","mdhousecalls@hotmail.com"
"46","http://www.peopleshistory.us/civicrm/contact/view?reset=1&amp;cid=434","Rose","Berryessa","rvberryessa@gmail.com"
"47","http://www.peopleshistory.us/civicrm/contact/view?reset=1&amp;cid=435","Anna","Besotes","annabesotes@yahoo.com"
"48","http://www.peopleshistory.us/civicrm/contact/view?reset=1&amp;cid=436","Jasmine","beuzri","jasbee03@hotmail.com"
"49","http://www.peopleshistory.us/civicrm/contact/view?reset=1&amp;cid=437","Arun","Bhalla","arun@shme.net",""
"50","http://www.peopleshistory.us/civicrm/contact/view?reset=1&amp;cid=438","Jhumpa","Bhattacharya","jhumps@gmail.com",""
"51","http://www.peopleshistory.us/civicrm/contact/view?reset=1&amp;cid=439","Andrew","Bigelow","andrewbigelow09@mittymonarch.com",""
"52","http://www.peopleshistory.us/civicrm/contact/view?reset=1&amp;cid=440","Joni","Bissell","jbbissell@comcast.net",""
"53","http://www.peopleshistory.us/civicrm/contact/view?reset=1&amp;cid=441","Robert","Black","bobbynoir@hotmail.com",""
"54","http://www.peopleshistory.us/civicrm/contact/view?reset=1&amp;cid=442","Benjamin","Blake","bblake707@gmail.com",""
"55","http://www.peopleshistory.us/civicrm/contact/view?reset=1&amp;cid=443","Susan","Blankman","suebsf5@yahoo.com",""
"56","http://www.peopleshistory.us/civicrm/contact/view?reset=1&amp;cid=444","Megan","Blanton","meganblanton@yahoo.com",""
"57","http://www.peopleshistory.us/civicrm/contact/view?reset=1&amp;cid=445","Mari","Blome","ratherbenyckeling@comcast.net",""
"58","http://www.peopleshistory.us/civicrm/contact/view?reset=1&amp;cid=446","Toby","Blome","Ratherbnenyckeling@comcast.net",""
"59","http://www.peopleshistory.us/civicrm/contact/view?reset=1&amp;cid=447","J Andrew","Blue","andy.blue@yahoo.com",""
"60","http://www.peopleshistory.us/civicrm/contact/view?reset=1&amp;cid=448","Jo","Boatman","","172 6th St. #301 SF,CA 94103"
"61","http://www.peopleshistory.us/civicrm/contact/view?reset=1&amp;cid=449","Chelsa","Bocci","chelsabocci@yahoo.com",""
"62","http://www.peopleshistory.us/civicrm/contact/view?reset=1&amp;cid=450","Dominic","Bocci","dominicbocci@hotmail.co.uk",""
"63","http://www.peopleshistory.us/civicrm/contact/view?reset=1&amp;cid=451","Julia","Bockwinkel","jbockwinkel@berkeley.edu",""
"64","http://www.peopleshistory.us/civicrm/contact/view?reset=1&amp;cid=452","Josefina","Bolufer","florradikal@eresmas.com",""
"65","http://www.peopleshistory.us/civicrm/contact/view?reset=1&amp;cid=453","Stephen","Boni","stephen.bonifides.boni@gmail.com",""
"66","http://www.peopleshistory.us/civicrm/contact/view?reset=1&amp;cid=454","Nikki","Bonsol","bonsol@gmail.com","94110"
"67","http://www.peopleshistory.us/civicrm/contact/view?reset=1&amp;cid=455","Michael","Borucke","michael.jborucke@gmail.com",""
"68","http://www.peopleshistory.us/civicrm/contact/view?reset=1&amp;cid=456","John","Bradfield","jdennisbf@mindspring.com",""
"69","http://www.peopleshistory.us/civicrm/contact/view?reset=1&amp;cid=457","Amanda","Bradley","amandambradley@gmail.com","94103"
"70","http://www.peopleshistory.us/civicrm/contact/view?reset=1&amp;cid=458","Brigid","Brannigan","Brigbrann@aol.com",""
"71","http://www.peopleshistory.us/civicrm/contact/view?reset=1&amp;cid=459","Margo","Brockman","margo.brockman@yahoo.com",""
"72","http://www.peopleshistory.us/civicrm/contact/view?reset=1&amp;cid=460","Holly","Brouker","hollybrouker@hotmail.com",""
"73","http://www.peopleshistory.us/civicrm/contact/view?reset=1&amp;cid=461","Christopher","Brown","chris@bucoybrown.com",""
"74","http://www.peopleshistory.us/civicrm/contact/view?reset=1&amp;cid=462","Russell","Brown","russell@folsomstreetevents.org",""
"75","http://www.peopleshistory.us/civicrm/contact/view?reset=1&amp;cid=463","Katherine","Buckland","katherine.buckland@gmail.com",""
"76","http://www.peopleshistory.us/civicrm/contact/view?reset=1&amp;cid=464","Anita","Budhraja","anitabudhraja@gmail.com",""
"77","http://www.peopleshistory.us/civicrm/contact/view?reset=1&amp;cid=465","Sarah","Bugden","sbugden@gmail.com",""
"78","http://www.peopleshistory.us/civicrm/contact/view?reset=1&amp;cid=466","Michael","Bulatao","mjbulatao@gmail.com",""
"79","http://www.peopleshistory.us/civicrm/contact/view?reset=1&amp;cid=467","Jennifer","Burger","jjburger77@me.com",""
"80","http://www.peopleshistory.us/civicrm/contact/view?reset=1&amp;cid=468","Amy","Burks","amybks@yahoo.com",""
"81","http://www.peopleshistory.us/civicrm/contact/view?reset=1&amp;cid=469","Crystal","Bybee","crystal.bybee@gmail.com",""
"82","http://www.peopleshistory.us/civicrm/contact/view?reset=1&amp;cid=470","Elizabeth","Byrne","beth.byrne@gmail.com",""
"83","http://www.peopleshistory.us/civicrm/contact/view?reset=1&amp;cid=471","Sigh","Canada","promisedwings@gmail.com","94110"
"84","http://www.peopleshistory.us/civicrm/contact/view?reset=1&amp;cid=472","Elise","Cannon","elise.cannon@pgw.com",""
"85","http://www.peopleshistory.us/civicrm/contact/view?reset=1&amp;cid=255","Lisa","Carrera","lisacarrera@yahoo.com","94608"
"86","http://www.peopleshistory.us/civicrm/contact/view?reset=1&amp;cid=473","Kimberley","Carter","kcarter75@hotmail.com",""
"87","http://www.peopleshistory.us/civicrm/contact/view?reset=1&amp;cid=474","Sean","Casey","jueges@hotmail.com",""
"88","http://www.peopleshistory.us/civicrm/contact/view?reset=1&amp;cid=475","Miguel","Castillo","doorsopenmang@gmail.com",""
"89","http://www.peopleshistory.us/civicrm/contact/view?reset=1&amp;cid=476","Annette","Castro","amc1@comcast.net",""
"90","http://www.peopleshistory.us/civicrm/contact/view?reset=1&amp;cid=477","Brandi","Chalker","bchalker@earthlink.net","94122"
"91","http://www.peopleshistory.us/civicrm/contact/view?reset=1&amp;cid=478","Ajay","Chander","ajay.chander@gmail.com",""
"92","http://www.peopleshistory.us/civicrm/contact/view?reset=1&amp;cid=479","Ed","Chase","minibagryan@aol.com","22602"
"93","http://www.peopleshistory.us/civicrm/contact/view?reset=1&amp;cid=480","Scarlett","Chidgey","scarletter@gmail.com",""
"94","http://www.peopleshistory.us/civicrm/contact/view?reset=1&amp;cid=481","Joseph","Childress","josephchildress@gmail.com",""
"95","http://www.peopleshistory.us/civicrm/contact/view?reset=1&amp;cid=482","Jody","Christensen","jodychristensen@hotmail.com","94601"
"96","http://www.peopleshistory.us/civicrm/contact/view?reset=1&amp;cid=483","Kevin","Christensen","kchristen@aflcio.org","94601"
"97","http://www.peopleshistory.us/civicrm/contact/view?reset=1&amp;cid=484","Kevin","Christensen","kevinachristensen@hotmail.com",""
"98","http://www.peopleshistory.us/civicrm/contact/view?reset=1&amp;cid=485","Frank","Chu","","619 Jackson St. Oakland CA, 94603"
"99","http://www.peopleshistory.us/civicrm/contact/view?reset=1&amp;cid=486","Michael","Chung","mchung55@gmail.com",""
"100","http://www.peopleshistory.us/civicrm/contact/view?reset=1&amp;cid=487","Cindy","Cleary","cindycleary@earthlink.net","PO Box 900 Occidental CA 94565"
"101","http://www.peopleshistory.us/civicrm/contact/view?reset=1&amp;cid=488","Gillian","Clements","gillianclements@gmail.com","759A 14th Ave. SF 94118"
"102","http://www.peopleshistory.us/civicrm/contact/view?reset=1&amp;cid=489","Gillian","Clements","gclements@siprep.org",""
"103","http://www.peopleshistory.us/civicrm/contact/view?reset=1&amp;cid=490","Heather","Clifford","sunshineinmisoul@hotmail.com",""
"104","http://www.peopleshistory.us/civicrm/contact/view?reset=1&amp;cid=491","Troy","Coalman","troy@troycoalman.com",""
"105","http://www.peopleshistory.us/civicrm/contact/view?reset=1&amp;cid=492","Lori Cohen","Cohen","lori_cohen@hotmail.com",""
"106","http://www.peopleshistory.us/civicrm/contact/view?reset=1&amp;cid=493","Dustin","Coker","dustincokern3@yahoo.com","94121"
"107","http://www.peopleshistory.us/civicrm/contact/view?reset=1&amp;cid=494","Gertrude","Coker","tcoker@netscape.com",""
"108","http://www.peopleshistory.us/civicrm/contact/view?reset=1&amp;cid=495","Gene","Coleman","Swahilisheen@gmail.com",""
"109","http://www.peopleshistory.us/civicrm/contact/view?reset=1&amp;cid=496","Alan","Collins","alan94117@yahoo.com","94117"
"110","http://www.peopleshistory.us/civicrm/contact/view?reset=1&amp;cid=497","Barbara","Commins","bcommin@yahoo.com",""
"111","http://www.peopleshistory.us/civicrm/contact/view?reset=1&amp;cid=498","Noel","Commins","4noecom@gmail.com",""
"112","http://www.peopleshistory.us/civicrm/contact/view?reset=1&amp;cid=499","Paula","Connelly","pintoputd@aol.com","94103"
"113","http://www.peopleshistory.us/civicrm/contact/view?reset=1&amp;cid=500","Maya","Cook","mrcj25@hotmail.com",""
"114","http://www.peopleshistory.us/civicrm/contact/view?reset=1&amp;cid=501","Margaret","Cooley","marg_cooley@yahoo.com",""
"115","http://www.peopleshistory.us/civicrm/contact/view?reset=1&amp;cid=502","Elaine","Cooperstein","elainedc@sbcglobal.net",""
"116","http://www.peopleshistory.us/civicrm/contact/view?reset=1&amp;cid=503","Angela","Coppola","angela.coppola@gmail.com",""
"117","http://www.peopleshistory.us/civicrm/contact/view?reset=1&amp;cid=504","Romany","Corella","mizblissca@yahoo.com",""
"118","http://www.peopleshistory.us/civicrm/contact/view?reset=1&amp;cid=505","Cathleen","Crane","cathleen.crane@gmail.com",""
"119","http://www.peopleshistory.us/civicrm/contact/view?reset=1&amp;cid=506","Michael","Creighton","info@mikecreighton.com",""
"120","http://www.peopleshistory.us/civicrm/contact/view?reset=1&amp;cid=507","Rebecca","Criscillis","rebeccacri@hailmail.net",""
"121","http://www.peopleshistory.us/civicrm/contact/view?reset=1&amp;cid=508","Brian","Cruz","rhymeswithlion@gmail.com",""
"122","http://www.peopleshistory.us/civicrm/contact/view?reset=1&amp;cid=509","Jeannie","Cruz","quiescence12@yahoo.com","94114"
"123","http://www.peopleshistory.us/civicrm/contact/view?reset=1&amp;cid=510","Denise","D'Anne","ddanne1@sbcglobal.net",""
"124","http://www.peopleshistory.us/civicrm/contact/view?reset=1&amp;cid=511","Sara","Davila","sndavila@yahoo.com",""
"125","http://www.peopleshistory.us/civicrm/contact/view?reset=1&amp;cid=512","Betsy","Davis","libertad4@hotmail.com",""
"126","http://www.peopleshistory.us/civicrm/contact/view?reset=1&amp;cid=513","Julian","Davis","julian.n.davis@gmail.com",""
"127","http://www.peopleshistory.us/civicrm/contact/view?reset=1&amp;cid=514","Renay","Davis","renaydav@hotmail.com",""
"128","http://www.peopleshistory.us/civicrm/contact/view?reset=1&amp;cid=515","Julia","Day","msjday@hotmail.com",""
"129","http://www.peopleshistory.us/civicrm/contact/view?reset=1&amp;cid=516","Maggie","De Guzman","magdalena_deguzman@yahoo.com",""
"130","http://www.peopleshistory.us/civicrm/contact/view?reset=1&amp;cid=517","Anne","Demers","anne.demers@att.net",""
"131","http://www.peopleshistory.us/civicrm/contact/view?reset=1&amp;cid=518","Sejal","Desai","sejal@pacbell.net",""
"132","http://www.peopleshistory.us/civicrm/contact/view?reset=1&amp;cid=519","Alexandra","Desautels","abc.desautels@gmail.com",""
"133","http://www.peopleshistory.us/civicrm/contact/view?reset=1&amp;cid=520","Katherine","DeVinna","kdevinna@Johnmuircs.org",""
"134","http://www.peopleshistory.us/civicrm/contact/view?reset=1&amp;cid=521","Megan","Dickson","megdic@aol.com",""
"135","http://www.peopleshistory.us/civicrm/contact/view?reset=1&amp;cid=522","Jason","DiLerenzo","jdilo@yahoo.com",""
"136","http://www.peopleshistory.us/civicrm/contact/view?reset=1&amp;cid=523","Karena","Doan","dkarena@hotmail.com",""
"137","http://www.peopleshistory.us/civicrm/contact/view?reset=1&amp;cid=524","Brian","Doll","brian@emphaticsolutions.com",""
"138","http://www.peopleshistory.us/civicrm/contact/view?reset=1&amp;cid=525","Allison","Domicon","adomicone@gmail.com",""
"139","http://www.peopleshistory.us/civicrm/contact/view?reset=1&amp;cid=526","Karen","Donovan","donok@mindspring.com",""
"140","http://www.peopleshistory.us/civicrm/contact/view?reset=1&amp;cid=527","James","Doolittle","jamesdoolittle@gmail.com",""
"141","http://www.peopleshistory.us/civicrm/contact/view?reset=1&amp;cid=528","Catherine","Dougherty","ckdougherty7@gmail.com",""
"142","http://www.peopleshistory.us/civicrm/contact/view?reset=1&amp;cid=261","Jenny","Dowd","jennysprout@sbcglobal.net","93907"
"143","http://www.peopleshistory.us/civicrm/contact/view?reset=1&amp;cid=529","Lindsay","Dowdle","lindsaydowdle@gmail.com",""
"144","http://www.peopleshistory.us/civicrm/contact/view?reset=1&amp;cid=530","Lindsay","Dowdle","ljuliad@yahoo.com",""
"145","http://www.peopleshistory.us/civicrm/contact/view?reset=1&amp;cid=531","Stacey","Drasen","S_drasen@yahoo.com","107 San Jose Ave, SF CA 94110"
"146","http://www.peopleshistory.us/civicrm/contact/view?reset=1&amp;cid=532","Judy","Drummond","jadrummond@comcast.net",""
"147","http://www.peopleshistory.us/civicrm/contact/view?reset=1&amp;cid=533","Darothy","Dukac","maru11@sbcglobal.net",""
"148","http://www.peopleshistory.us/civicrm/contact/view?reset=1&amp;cid=534","John","Dunbar","ap2250@aol.com",""
"149","http://www.peopleshistory.us/civicrm/contact/view?reset=1&amp;cid=535","Terrance","Dunn","tdunn789@aol.com",""
"150","http://www.peopleshistory.us/civicrm/contact/view?reset=1&amp;cid=536","Beth","Dyer","bethdyer@yahoo.com",""
"151","http://www.peopleshistory.us/civicrm/contact/view?reset=1&amp;cid=537","Toby","Dyner","tdyner@gmail.com",""
"152","http://www.peopleshistory.us/civicrm/contact/view?reset=1&amp;cid=538","Joyce","Eden","comment@sonic.net",""
"153","http://www.peopleshistory.us/civicrm/contact/view?reset=1&amp;cid=539","Wendy","Eden","wendyeden@gmail.com",""
"154","http://www.peopleshistory.us/civicrm/contact/view?reset=1&amp;cid=540","Tom","Edminster","tedminster@earthlink.net",""
"155","http://www.peopleshistory.us/civicrm/contact/view?reset=1&amp;cid=541","Cami","Edwards","cami@mac.com",""
"156","http://www.peopleshistory.us/civicrm/contact/view?reset=1&amp;cid=542","Mary","Edwards","mere@comcast.net",""
"157","http://www.peopleshistory.us/civicrm/contact/view?reset=1&amp;cid=543","Adam","Ekbom","adamekbom@mac.com",""
"158","http://www.peopleshistory.us/civicrm/contact/view?reset=1&amp;cid=544","Perrin","Elkind","PELKIND@HOTMAIL.COM",""
"159","http://www.peopleshistory.us/civicrm/contact/view?reset=1&amp;cid=545","Deirdre","Elmansoumi","deirdree@urbanwildlife.org","94134"
"160","http://www.peopleshistory.us/civicrm/contact/view?reset=1&amp;cid=546","Brian","Eppert","brian_eppert@yahoo.com",""
"161","http://www.peopleshistory.us/civicrm/contact/view?reset=1&amp;cid=547","Mike","Estrada","estrada-michael@sbcglobal.net",""
"162","http://www.peopleshistory.us/civicrm/contact/view?reset=1&amp;cid=368","Elizabeth","Evans","efevans@hotmail.com",""
"163","http://www.peopleshistory.us/civicrm/contact/view?reset=1&amp;cid=548","Shabi","Farooq","shabif@hotmail.com",""
"164","http://www.peopleshistory.us/civicrm/contact/view?reset=1&amp;cid=549","Rachael","Feigenbaum","rachaelvmd01@yahoo.com",""
"165","http://www.peopleshistory.us/civicrm/contact/view?reset=1&amp;cid=550","Stephen","Fernandez","igetsmyphil@hotmail.com",""
"166","http://www.peopleshistory.us/civicrm/contact/view?reset=1&amp;cid=551","Adam","Finkin","adam.finkin@gmail.com",""
"167","http://www.peopleshistory.us/civicrm/contact/view?reset=1&amp;cid=552","Tanya","Finley","tanyafinley@yahoo.com",""
"168","http://www.peopleshistory.us/civicrm/contact/view?reset=1&amp;cid=553","Daniel","Finnerty","spinnerty@gmail.com",""
"169","http://www.peopleshistory.us/civicrm/contact/view?reset=1&amp;cid=554","Heather","Fox","hmfox@usfca.edu",""
"170","http://www.peopleshistory.us/civicrm/contact/view?reset=1&amp;cid=555","James","Frank","jpbfrank@yahoo.com","94110"
"171","http://www.peopleshistory.us/civicrm/contact/view?reset=1&amp;cid=556","Janie","Frank","jpbfrank@yahoo.com",""
"172","http://www.peopleshistory.us/civicrm/contact/view?reset=1&amp;cid=557","Rebecca","Frank","rebeccaf@sfbg.com","94103"
"173","http://www.peopleshistory.us/civicrm/contact/view?reset=1&amp;cid=558","Rebecca","Frank","rlfrank7@gmail.com",""
"174","http://www.peopleshistory.us/civicrm/contact/view?reset=1&amp;cid=559","Caneel","Fraser","caneel.fraser@gmail.com",""
"175","http://www.peopleshistory.us/civicrm/contact/view?reset=1&amp;cid=560","Shelley","Friedman","sfriedman@siprep.org",""
"176","http://www.peopleshistory.us/civicrm/contact/view?reset=1&amp;cid=561","Melissa","Fries","melfries@hotmail.com",""
"177","http://www.peopleshistory.us/civicrm/contact/view?reset=1&amp;cid=562","Lawrence","Friese","lfriese@friesefinancial.com",""
"178","http://www.peopleshistory.us/civicrm/contact/view?reset=1&amp;cid=563","Ellen","Fryer","efryer@sonic.net",""
"179","http://www.peopleshistory.us/civicrm/contact/view?reset=1&amp;cid=564","Alex","Fu","alexandf@sfsu.edu",""
"180","http://www.peopleshistory.us/civicrm/contact/view?reset=1&amp;cid=565","Elaine","Fuchs","elainefuchs@hotmail.com",""
"181","http://www.peopleshistory.us/civicrm/contact/view?reset=1&amp;cid=566","Ryan","Gallagher","Ragfoo@yahoo.com",""
"182","http://www.peopleshistory.us/civicrm/contact/view?reset=1&amp;cid=567","Roberta","Gambetti","rmgambetti@gmail.com",""
"183","http://www.peopleshistory.us/civicrm/contact/view?reset=1&amp;cid=568","Hokmah","Gandley-Allen","hokhmahjoy@gmail.com",""
"184","http://www.peopleshistory.us/civicrm/contact/view?reset=1&amp;cid=569","Barbara","Garza-Brickley","barbaraanngb@yahoo.com",""
"185","http://www.peopleshistory.us/civicrm/contact/view?reset=1&amp;cid=570","Sean","Gass","seangass@gmail.com",""
"186","http://www.peopleshistory.us/civicrm/contact/view?reset=1&amp;cid=571","Terra","Gauthier","terragauthier@yahoo.com",""
"187","http://www.peopleshistory.us/civicrm/contact/view?reset=1&amp;cid=572","Marisa","Gedney","marisa@826valencia.org",""
"188","http://www.peopleshistory.us/civicrm/contact/view?reset=1&amp;cid=573","Krystal","Gerdes","kabukigirl@live.com",""
"189","http://www.peopleshistory.us/civicrm/contact/view?reset=1&amp;cid=574","Andrea","Gilbaugh","andrea.gilbaugh@gmail.com",""
"190","http://www.peopleshistory.us/civicrm/contact/view?reset=1&amp;cid=575","Kelly","Ginocchio","kelly_pearson60@hotmail.com",""
"191","http://www.peopleshistory.us/civicrm/contact/view?reset=1&amp;cid=576","Abigail","Ginzberg","AbbyGinz@aol.com",""
"192","http://www.peopleshistory.us/civicrm/contact/view?reset=1&amp;cid=577","Mario","Goes","mgoes@greenleafsf.com","539 Corbett Ave. SF, CA 94114"
"193","http://www.peopleshistory.us/civicrm/contact/view?reset=1&amp;cid=578","Laura","Golde","lauragolde@gmail.com",""
"194","http://www.peopleshistory.us/civicrm/contact/view?reset=1&amp;cid=579","Luz-Argelia","Gomez","luzargelia@gmail.com","530 24th St. #304 Oakland CA 94612"
"195","http://www.peopleshistory.us/civicrm/contact/view?reset=1&amp;cid=580","Luz-Argelia","Gomez","argelia_gomez@yahoo.com",""
"196","http://www.peopleshistory.us/civicrm/contact/view?reset=1&amp;cid=581","Nayeli","Gonzalez","nayelli_london@hotmail.com",""
"197","http://www.peopleshistory.us/civicrm/contact/view?reset=1&amp;cid=582","Owen","Goodwin","owengoodwin@gmail.com",""
"198","http://www.peopleshistory.us/civicrm/contact/view?reset=1&amp;cid=583","Meghan","Graber","meghangraber@hotmail.com",""
"199","http://www.peopleshistory.us/civicrm/contact/view?reset=1&amp;cid=584","Melissa","Green","vivagreen@aol.com",""
"200","http://www.peopleshistory.us/civicrm/contact/view?reset=1&amp;cid=585","Claire","Greensfelder","greensfelder@earthlink.net",""
"201","http://www.peopleshistory.us/civicrm/contact/view?reset=1&amp;cid=586","Judy","Greenwald","teocat@comcast.net",""
"202","http://www.peopleshistory.us/civicrm/contact/view?reset=1&amp;cid=587","Linda","Gridley","lgridley@fhallen.com",""
"203","http://www.peopleshistory.us/civicrm/contact/view?reset=1&amp;cid=588","Lynda","Grose","lyndagr@aol.com",""
"204","http://www.peopleshistory.us/civicrm/contact/view?reset=1&amp;cid=589","Richard","Gross","rgross@enterprisecommunity.com",""
"205","http://www.peopleshistory.us/civicrm/contact/view?reset=1&amp;cid=590","J. Gregory","Grossman","greggrossman@yahoo.com",""
"206","http://www.peopleshistory.us/civicrm/contact/view?reset=1&amp;cid=591","Denisse","Guerrero","denisseg22@yahoo.com",""
"207","http://www.peopleshistory.us/civicrm/contact/view?reset=1&amp;cid=592","Maria","Guillen","lamarilenaposa@yahoo.com",""
"208","http://www.peopleshistory.us/civicrm/contact/view?reset=1&amp;cid=593","Jon","Guinea","jonnyhamachi@gmail.com",""
"209","http://www.peopleshistory.us/civicrm/contact/view?reset=1&amp;cid=594","Jane","Hambleton","jane@janehambleton.com",""
"210","http://www.peopleshistory.us/civicrm/contact/view?reset=1&amp;cid=595","Charles","Hammer","petehammer0@gmail.com",""
"211","http://www.peopleshistory.us/civicrm/contact/view?reset=1&amp;cid=596","Sally","Hanley","salhanley@aol.com",""
"212","http://www.peopleshistory.us/civicrm/contact/view?reset=1&amp;cid=597","Poem","Hanna","poemha@yahoo.com",""
"213","http://www.peopleshistory.us/civicrm/contact/view?reset=1&amp;cid=598","Sam","Harnett","samharnett@gmail.com",""
"214","http://www.peopleshistory.us/civicrm/contact/view?reset=1&amp;cid=599","Jessica","Harris","Jessica.Harris@mac.com",""
"215","http://www.peopleshistory.us/civicrm/contact/view?reset=1&amp;cid=600","Julie","Harris","julieharris02@gmail.com","94606"
"216","http://www.peopleshistory.us/civicrm/contact/view?reset=1&amp;cid=601","Kristine","Haskett","kmhaskett@hotmail.com",""
"217","http://www.peopleshistory.us/civicrm/contact/view?reset=1&amp;cid=602","Said","Hassan","Madenhas@aol.com",""
"218","http://www.peopleshistory.us/civicrm/contact/view?reset=1&amp;cid=603","Susan","Hathaway","shiz50@comcast.net",""
"219","http://www.peopleshistory.us/civicrm/contact/view?reset=1&amp;cid=604","Sara","Hausel","RAINFEM@AOL.COM",""
"220","http://www.peopleshistory.us/civicrm/contact/view?reset=1&amp;cid=605","Larry","Haynes","lheynes63049@gmail.com","94102"
"221","http://www.peopleshistory.us/civicrm/contact/view?reset=1&amp;cid=606","Sarah","Healy","sarah.healy@earthlink.net",""
"222","http://www.peopleshistory.us/civicrm/contact/view?reset=1&amp;cid=607","Shani","Heckman","shaniheckman@gmail.com",""
"223","http://www.peopleshistory.us/civicrm/contact/view?reset=1&amp;cid=608","Lisa","Hedden","lgh5@aol.com",""
"224","http://www.peopleshistory.us/civicrm/contact/view?reset=1&amp;cid=609","Carrie","Heeter","heeter@msu.edu",""
"225","http://www.peopleshistory.us/civicrm/contact/view?reset=1&amp;cid=610","Adam","Hefty","adamhefty@gmail.com",""
"226","http://www.peopleshistory.us/civicrm/contact/view?reset=1&amp;cid=611","Carolyn","Heinkel","carolynheinkel@yahoo.com",""
"227","http://www.peopleshistory.us/civicrm/contact/view?reset=1&amp;cid=612","Sarah","Henry","snh5400@gmail.com",""
"228","http://www.peopleshistory.us/civicrm/contact/view?reset=1&amp;cid=613","Cheryl","Hergert","cmhergert@sbcglobal.net",""
"229","http://www.peopleshistory.us/civicrm/contact/view?reset=1&amp;cid=614","Arvel","Hernandez","arvelhernandez@gmail.com","94117"
"230","http://www.peopleshistory.us/civicrm/contact/view?reset=1&amp;cid=615","Edward","Hernandez","astroman80@gmail.com",""
"231","http://www.peopleshistory.us/civicrm/contact/view?reset=1&amp;cid=616","Maria","Hernandez","teresahernandez572@hotmail.com",""
"232","http://www.peopleshistory.us/civicrm/contact/view?reset=1&amp;cid=241","Miriam","Hernandez","m2hernandez2003@yahoo.com",""
"233","http://www.peopleshistory.us/civicrm/contact/view?reset=1&amp;cid=617","Zenaida","Hernandez","zenaidahernandezing@gmail.com",""
"235","http://www.peopleshistory.us/civicrm/contact/view?reset=1&amp;cid=618","Rob","Herrmann","robb926@juno.com",""
"236","http://www.peopleshistory.us/civicrm/contact/view?reset=1&amp;cid=619","Kirsten","Hextrum","hextrum@gmail.com",""
"237","http://www.peopleshistory.us/civicrm/contact/view?reset=1&amp;cid=620","Ariel","Hiller","arielhiller@gmail.com",""
"238","http://www.peopleshistory.us/civicrm/contact/view?reset=1&amp;cid=621","David","Hillis","davidhillis1@comcast.net",""
"239","http://www.peopleshistory.us/civicrm/contact/view?reset=1&amp;cid=622","Marija","Hillis","marichka7@yahoo.com",""
"240","http://www.peopleshistory.us/civicrm/contact/view?reset=1&amp;cid=623","Holly","Hirshfield","hlhirshfield@gmail.com",""
"241","http://www.peopleshistory.us/civicrm/contact/view?reset=1&amp;cid=624","Lisa","Hiura","lnhiura@hotmail.com",""
"242","http://www.peopleshistory.us/civicrm/contact/view?reset=1&amp;cid=625","Stacy","Ho","stacy.ann.ho@gmail.com",""
"243","http://www.peopleshistory.us/civicrm/contact/view?reset=1&amp;cid=626","Tay","Hoang","tigertay@gmail.com",""
"244","http://www.peopleshistory.us/civicrm/contact/view?reset=1&amp;cid=627","Nate","Holmes","winnfield@gmail.com","94121"
"245","http://www.peopleshistory.us/civicrm/contact/view?reset=1&amp;cid=627","Nate","Holmes","winnfield@gmail.com","94121"
"246","http://www.peopleshistory.us/civicrm/contact/view?reset=1&amp;cid=628","William","Holtzman","wmmia@hotmail.com",""
"247","http://www.peopleshistory.us/civicrm/contact/view?reset=1&amp;cid=629","Kelly","Hot","Kellyhoy@mac.com",""
"248","http://www.peopleshistory.us/civicrm/contact/view?reset=1&amp;cid=630","Mary","Howe","mary_frankenstein@yahoo.com",""
"249","http://www.peopleshistory.us/civicrm/contact/view?reset=1&amp;cid=631","Kelly","Hoy","kellyhoy@mac.com",""
"250","http://www.peopleshistory.us/civicrm/contact/view?reset=1&amp;cid=632","Martha","Hubert","mhubert7@earthlink.net",""
"251","http://www.peopleshistory.us/civicrm/contact/view?reset=1&amp;cid=633","Mike","Hudson","mikeyhud22@yahoo.com",""
"252","http://www.peopleshistory.us/civicrm/contact/view?reset=1&amp;cid=634","Erin","Hughes","erinbecca63@hotmail.com",""
"253","http://www.peopleshistory.us/civicrm/contact/view?reset=1&amp;cid=635","Jonathan","Hunt","jonathanhunt@yahoo.com",""
"254","http://www.peopleshistory.us/civicrm/contact/view?reset=1&amp;cid=636","Allan","Hunt Badiner","ahbadiner@igc.org",""
"255","http://www.peopleshistory.us/civicrm/contact/view?reset=1&amp;cid=637","James","Ilse","james.ilse@gmail.com","VIP $250"
"256","http://www.peopleshistory.us/civicrm/contact/view?reset=1&amp;cid=264","Meredith","Irby","mirbysan@gmail.com",""
"257","http://www.peopleshistory.us/civicrm/contact/view?reset=1&amp;cid=638","Linda","Ivey","lindaivey@aol.com",""
"258","http://www.peopleshistory.us/civicrm/contact/view?reset=1&amp;cid=639","Corey","Janus","CoreyJanus@gmail.com","94123"
"259","http://www.peopleshistory.us/civicrm/contact/view?reset=1&amp;cid=640","Sarah","Jarmon","sarahjarmon@yahoo.com",""
"260","http://www.peopleshistory.us/civicrm/contact/view?reset=1&amp;cid=641","Amalia","Jarquin","ar12jar@yahoo.com",""
"261","http://www.peopleshistory.us/civicrm/contact/view?reset=1&amp;cid=642","Kiah","Jeffries","mrcj25@hotmail.com",""
"262","http://www.peopleshistory.us/civicrm/contact/view?reset=1&amp;cid=643","Jeffrey","Jenkins","jjudub@gmail.com",""
"263","http://www.peopleshistory.us/civicrm/contact/view?reset=1&amp;cid=644","Laura","Jensen","laurabjensen@gmail.com",""
"264","http://www.peopleshistory.us/civicrm/contact/view?reset=1&amp;cid=645","Alexandra","Jerinic","LunaSSSC@hotmail.com",""
"265","http://www.peopleshistory.us/civicrm/contact/view?reset=1&amp;cid=646","April","Jimenez","lirpa_j@hotmail.com",""
"266","http://www.peopleshistory.us/civicrm/contact/view?reset=1&amp;cid=647","Nicole","Johnson","nicole.catj@gmail.com","94110"
"267","http://www.peopleshistory.us/civicrm/contact/view?reset=1&amp;cid=647","Nicole","Johnson","Nicole.catJ@gmail.com",""
"268","http://www.peopleshistory.us/civicrm/contact/view?reset=1&amp;cid=648","Roxanne","Johnson","roxiejo@gmail.com",""
"269","http://www.peopleshistory.us/civicrm/contact/view?reset=1&amp;cid=649","Scott","Johnson","scott_d_johnson@hotmail.com",""
"270","http://www.peopleshistory.us/civicrm/contact/view?reset=1&amp;cid=650","Scott","Johnson","johnsonandknoll@aol.com",""
"271","http://www.peopleshistory.us/civicrm/contact/view?reset=1&amp;cid=651","Adrienne","Johnstone","lilmuch@gmail.com",""
"272","http://www.peopleshistory.us/civicrm/contact/view?reset=1&amp;cid=652","Alexandra","Jones","goofcitygoof@yahoo.com",""
"273","http://www.peopleshistory.us/civicrm/contact/view?reset=1&amp;cid=653","Rafia","Jones","unigrafiq@hotmail.com",""
"274","http://www.peopleshistory.us/civicrm/contact/view?reset=1&amp;cid=654","Walesa","Kanarek","walesak@yahoo.com",""
"275","http://www.peopleshistory.us/civicrm/contact/view?reset=1&amp;cid=655","Anya","Kandel","atkandel@hotmail.com",""
"276","http://www.peopleshistory.us/civicrm/contact/view?reset=1&amp;cid=656","Saori","Kappus","saorik@rosebudus.com",""
"277","http://www.peopleshistory.us/civicrm/contact/view?reset=1&amp;cid=657","Saori","Kappus","saori@earthlink.net",""
"278","http://www.peopleshistory.us/civicrm/contact/view?reset=1&amp;cid=658","Harmony","Karp","harmonykirsten@gmail.com",""
"279","http://www.peopleshistory.us/civicrm/contact/view?reset=1&amp;cid=659","Ziarpi","Kataryn","redzlab@aol.com",""
"280","http://www.peopleshistory.us/civicrm/contact/view?reset=1&amp;cid=660","Chuck","Kelley","unkleck@aol.com",""
"281","http://www.peopleshistory.us/civicrm/contact/view?reset=1&amp;cid=661","Angela","Kelly","angelakellysf@gmail.com",""
"282","http://www.peopleshistory.us/civicrm/contact/view?reset=1&amp;cid=662","Caroline","Kelly","carolinekelly85@gmail.com",""
"283","http://www.peopleshistory.us/civicrm/contact/view?reset=1&amp;cid=663","Melyssa Jo","Kelly","melyssa.jo.kelly@earthlink.net",""
"284","http://www.peopleshistory.us/civicrm/contact/view?reset=1&amp;cid=664","Jonathan","Kerry-Tyerman","jonskt@hotmail.com",""
"285","http://www.peopleshistory.us/civicrm/contact/view?reset=1&amp;cid=665","Linda","Khoury","lkhoury86@gmail.com",""
"286","http://www.peopleshistory.us/civicrm/contact/view?reset=1&amp;cid=666","Kristy","Killilea","lotusbomber15@gmail.com","94102"
"287","http://www.peopleshistory.us/civicrm/contact/view?reset=1&amp;cid=667","Erin","Kim","erinkim_1@hotmail.com",""
"288","http://www.peopleshistory.us/civicrm/contact/view?reset=1&amp;cid=668","Victoria","Kim","victoriajkim@gmail.com",""
"289","http://www.peopleshistory.us/civicrm/contact/view?reset=1&amp;cid=669","Carolann","Kinzel","rubygraces@gmail.com",""
"290","http://www.peopleshistory.us/civicrm/contact/view?reset=1&amp;cid=670","Kathryn","Kirkpatrick","katie.kirkpatrick@gmail.com","2108 Hayes St. #7 SF CA 94117"
"291","http://www.peopleshistory.us/civicrm/contact/view?reset=1&amp;cid=671","Alison","Knight","alisonpknight@gmail.com",""
"292","http://www.peopleshistory.us/civicrm/contact/view?reset=1&amp;cid=672","David","Ko Leong","dkl415@yahoo.com",""
"293","http://www.peopleshistory.us/civicrm/contact/view?reset=1&amp;cid=673","Alexis","Koefoed","soulfoodfarm@aol.com",""
"294","http://www.peopleshistory.us/civicrm/contact/view?reset=1&amp;cid=674","Emma","Koefoed","ekoefoed@sfsu.edu",""
"295","http://www.peopleshistory.us/civicrm/contact/view?reset=1&amp;cid=675","Kathryn","Kojimoto","kkojimoto@hotmail.com",""
"296","http://www.peopleshistory.us/civicrm/contact/view?reset=1&amp;cid=676","Suzanne","Korey","korey.suzanne@gmail.com",""
"297","http://www.peopleshistory.us/civicrm/contact/view?reset=1&amp;cid=677","Adrianne","Koteen","akoteen@yahoo.com",""
"298","http://www.peopleshistory.us/civicrm/contact/view?reset=1&amp;cid=678","Sarah","Kureshi","skureshi@gmail.com",""
"299","http://www.peopleshistory.us/civicrm/contact/view?reset=1&amp;cid=679","Jen","Kuropat","jenifer.kuropat@gmail.com","94133"
"300","http://www.peopleshistory.us/civicrm/contact/view?reset=1&amp;cid=680","David","Kyle","dave@booksforsouthafrica.org",""
"301","http://www.peopleshistory.us/civicrm/contact/view?reset=1&amp;cid=681","Abbey","LaMay","abbeylin1017@hotmail.com",""
"302","http://www.peopleshistory.us/civicrm/contact/view?reset=1&amp;cid=682","Alison","Lambert","alamb20@hotmail.com",""
"303","http://www.peopleshistory.us/civicrm/contact/view?reset=1&amp;cid=683","Wendy","LaRiviere","wendy.lar@comcast.net",""
"304","http://www.peopleshistory.us/civicrm/contact/view?reset=1&amp;cid=684","Margaret","Law","mediaproject@igc.org",""
"305","http://www.peopleshistory.us/civicrm/contact/view?reset=1&amp;cid=685","Annie","Lawler","alawler@gmail.com",""
"306","http://www.peopleshistory.us/civicrm/contact/view?reset=1&amp;cid=686","Andy","Le","andy003le@yahoo.com",""
"307","http://www.peopleshistory.us/civicrm/contact/view?reset=1&amp;cid=687","Michelle","Le Vynh","mlevynh@yahoo.com",""
"308","http://www.peopleshistory.us/civicrm/contact/view?reset=1&amp;cid=688","Jon","Leatherbarrow","leatherbarrow@ucdavis.edu",""
"309","http://www.peopleshistory.us/civicrm/contact/view?reset=1&amp;cid=689","Charisse","Lebron","CharisseL@marininstitute.org",""
"310","http://www.peopleshistory.us/civicrm/contact/view?reset=1&amp;cid=690","Susan","Lee","leesus11@gmail.com",""
"311","http://www.peopleshistory.us/civicrm/contact/view?reset=1&amp;cid=691","Jennifer","Lefcourt","jennylefcourt@yahoo.com",""
"312","http://www.peopleshistory.us/civicrm/contact/view?reset=1&amp;cid=692","Michelle","Leitzuke","mkleitzke@gmail.com","94110"
"313","http://www.peopleshistory.us/civicrm/contact/view?reset=1&amp;cid=693","Dotty","LeMieux","coastlaw@earthlink.net",""
"314","http://www.peopleshistory.us/civicrm/contact/view?reset=1&amp;cid=694","Rosales","Leopold","leopold.rosales@comcast.net","94080"
"315","http://www.peopleshistory.us/civicrm/contact/view?reset=1&amp;cid=695","Adams","Leora","leoraadams@gmail.com",""
"316","http://www.peopleshistory.us/civicrm/contact/view?reset=1&amp;cid=696","Elinor","Levine","elevine@berkeley.edu",""
"317","http://www.peopleshistory.us/civicrm/contact/view?reset=1&amp;cid=697","Merryl","Levy","merryllevy@yahoo.com",""
"318","http://www.peopleshistory.us/civicrm/contact/view?reset=1&amp;cid=698","Michelle","Levynh","mlevynh@yahoo.com",""
"319","http://www.peopleshistory.us/civicrm/contact/view?reset=1&amp;cid=699","Donna","Linden","donnal@riseup.net",""
"320","http://www.peopleshistory.us/civicrm/contact/view?reset=1&amp;cid=700","Ida","Linden","ida.linden@gmail.com",""
"321","http://www.peopleshistory.us/civicrm/contact/view?reset=1&amp;cid=701","Anne","Linton","alooneylinton@hotmail.com","973 Dolores SF, CA 94110"
"322","http://www.peopleshistory.us/civicrm/contact/view?reset=1&amp;cid=702","Ragina","Lippert","italiagina21@comcast.net","94553"
"323","http://www.peopleshistory.us/civicrm/contact/view?reset=1&amp;cid=703","Ann","Liska","annliska@gmail.com",""
"324","http://www.peopleshistory.us/civicrm/contact/view?reset=1&amp;cid=704","Laura","Livoti","laura@indyvoter.org",""
"325","http://www.peopleshistory.us/civicrm/contact/view?reset=1&amp;cid=705","Jose","Lizarraga","joserlizarraga@yahoo.com",""
"326","http://www.peopleshistory.us/civicrm/contact/view?reset=1&amp;cid=706","Kendra","Lockman","kendra.lockman@gmail.com",""
"327","http://www.peopleshistory.us/civicrm/contact/view?reset=1&amp;cid=707","Daniel","Logeman","josh@theyrule.net",""
"328","http://www.peopleshistory.us/civicrm/contact/view?reset=1&amp;cid=708","Fabien","Lombard","fabienlombard@yahoo.fr",""
"329","http://www.peopleshistory.us/civicrm/contact/view?reset=1&amp;cid=709","Alexandra","Loonin","aloonin@hotmail.com",""
"330","http://www.peopleshistory.us/civicrm/contact/view?reset=1&amp;cid=710","Anthony","Lopez","alo_magic@yahoo.com","94121"
"331","http://www.peopleshistory.us/civicrm/contact/view?reset=1&amp;cid=711","Chantil","Lopez","chantilldancer@gmail.com",""
"332","http://www.peopleshistory.us/civicrm/contact/view?reset=1&amp;cid=712","Shawn","Lovell","slovell@rcn.com",""
"333","http://www.peopleshistory.us/civicrm/contact/view?reset=1&amp;cid=713","Emily","Lowe","lowetown@gmail.com",""
"334","http://www.peopleshistory.us/civicrm/contact/view?reset=1&amp;cid=714","Michael","Lowe","mikel888@comcast.net","94611"
"335","http://www.peopleshistory.us/civicrm/contact/view?reset=1&amp;cid=715","Nikki","Lowy","nikkilowy@gmail.com",""
"336","http://www.peopleshistory.us/civicrm/contact/view?reset=1&amp;cid=716","Arturo","Lozano","ac_lozano@yahoo.com",""
"337","http://www.peopleshistory.us/civicrm/contact/view?reset=1&amp;cid=717","Bihiana","Lozano","Biblianalozano@gmail.com",""
"338","http://www.peopleshistory.us/civicrm/contact/view?reset=1&amp;cid=718","Kristin","Lubbert","lubbert7@gmail.com",""
"339","http://www.peopleshistory.us/civicrm/contact/view?reset=1&amp;cid=719","Scott","Lundgren","betweenbombsites@gmail.com",""
"340","http://www.peopleshistory.us/civicrm/contact/view?reset=1&amp;cid=720","Kurt","Lutter","lutter_k@yahoo.com",""
"341","http://www.peopleshistory.us/civicrm/contact/view?reset=1&amp;cid=721","Shannon","Lyon","lyon.shannon@gmail.com",""
"342","http://www.peopleshistory.us/civicrm/contact/view?reset=1&amp;cid=722","Diana","Macasa","dmacasa@gmail.com",""
"343","http://www.peopleshistory.us/civicrm/contact/view?reset=1&amp;cid=723","Katharina","Mack","katmack@gmail.com",""
"344","http://www.peopleshistory.us/civicrm/contact/view?reset=1&amp;cid=724","Judith","Mahnke","judithmahnke@yahoo.com",""
"345","http://www.peopleshistory.us/civicrm/contact/view?reset=1&amp;cid=725","Tony","Mana","addmana@comcast.net",""
"346","http://www.peopleshistory.us/civicrm/contact/view?reset=1&amp;cid=726","Kathrina","Manalac","Kmanalac@gmail.com",""
"347","http://www.peopleshistory.us/civicrm/contact/view?reset=1&amp;cid=727","Monique","Manopoulos","monimano@att.net",""
"348","http://www.peopleshistory.us/civicrm/contact/view?reset=1&amp;cid=728","Mandy","Marie","mandymarie053@yahoo.com",""
"349","http://www.peopleshistory.us/civicrm/contact/view?reset=1&amp;cid=729","Bisola","Marignay","bmarignay@gmail.com",""
"350","http://www.peopleshistory.us/civicrm/contact/view?reset=1&amp;cid=730","Joe","Marraffino","joe.marraffino@gmail.com",""
"351","http://www.peopleshistory.us/civicrm/contact/view?reset=1&amp;cid=731","Bruce","Martin","getasrab@yahoo.com","94114"
"352","http://www.peopleshistory.us/civicrm/contact/view?reset=1&amp;cid=732","Trevor","Martin","Trevormmt@yahoo.com",""
"353","http://www.peopleshistory.us/civicrm/contact/view?reset=1&amp;cid=733","Jenny","Martinez","jensinphx@yahoo.com",""
"354","http://www.peopleshistory.us/civicrm/contact/view?reset=1&amp;cid=733","Jenny","Martinez","jensinphx@yahoo.com",""
"355","http://www.peopleshistory.us/civicrm/contact/view?reset=1&amp;cid=734","Shawn","Mason","shawn_jane@sbcglobal.net",""
"356","http://www.peopleshistory.us/civicrm/contact/view?reset=1&amp;cid=735","Ed","Massey","massey1281@yahoo.com",""
"357","http://www.peopleshistory.us/civicrm/contact/view?reset=1&amp;cid=736","Patti","Massey","pmassey03@yahoo.com",""
"358","http://www.peopleshistory.us/civicrm/contact/view?reset=1&amp;cid=737","Charles","Maurer","chuck.maurer@me.com",""
"359","http://www.peopleshistory.us/civicrm/contact/view?reset=1&amp;cid=738","Sherri","Maurin","smaurin@aol.com",""
"360","http://www.peopleshistory.us/civicrm/contact/view?reset=1&amp;cid=739","Amanda","Maystead","kornshell77@yahoo.com",""
"361","http://www.peopleshistory.us/civicrm/contact/view?reset=1&amp;cid=740","Nura","Maznavi","fmaznavi@gmail.com",""
"362","http://www.peopleshistory.us/civicrm/contact/view?reset=1&amp;cid=741","Sharon","McAllister","smbadaxe@comcast.net",""
"363","http://www.peopleshistory.us/civicrm/contact/view?reset=1&amp;cid=742","Matt","McCabe","mattmccabe@gmail.com",""
"364","http://www.peopleshistory.us/civicrm/contact/view?reset=1&amp;cid=743","Marlene","McCleary","queenamarlene@hotmail.com",""
"365","http://www.peopleshistory.us/civicrm/contact/view?reset=1&amp;cid=744","Chrichelle","McCloud","chrichellemccloud@gmail.com",""
"366","http://www.peopleshistory.us/civicrm/contact/view?reset=1&amp;cid=745","Mirishae","McDonald","cosmicdeva@yahoo.com","94109"
"367","http://www.peopleshistory.us/civicrm/contact/view?reset=1&amp;cid=746","Robert","McDonald","bmcdonald@academyart.edu",""
"368","http://www.peopleshistory.us/civicrm/contact/view?reset=1&amp;cid=747","Mollie","McDonnell","Mollie.McDonnell@gmail.com",""
"369","http://www.peopleshistory.us/civicrm/contact/view?reset=1&amp;cid=748","Michael","McElligott","mikemcelligott@gmail.com"
"370","http://www.peopleshistory.us/civicrm/contact/view?reset=1&amp;cid=749","Laura","McGourdy","lmcgourdy@hotmail.com"
"371","http://www.peopleshistory.us/civicrm/contact/view?reset=1&amp;cid=750","Laura","McKaughan","lmckaughan@yahoo.com"
"372","http://www.peopleshistory.us/civicrm/contact/view?reset=1&amp;cid=751","Emily","McPartlon","ermcpartlon@dons.usfca.edu"
"373","http://www.peopleshistory.us/civicrm/contact/view?reset=1&amp;cid=752","Ann","McWalters","amcwalters@msn.com"
"374","http://www.peopleshistory.us/civicrm/contact/view?reset=1&amp;cid=753","Susan","Medina","smedina415@yahoo.com"
"375","http://www.peopleshistory.us/civicrm/contact/view?reset=1&amp;cid=753","Susan","Medina","smedina415@yahoo.com"
"376","http://www.peopleshistory.us/civicrm/contact/view?reset=1&amp;cid=754","Victor","Menotti","vmenotti@ifg.org"
"377","http://www.peopleshistory.us/civicrm/contact/view?reset=1&amp;cid=755","Jason","Merchey","jasoniswhoiam@yahoo.com"
"378","http://www.peopleshistory.us/civicrm/contact/view?reset=1&amp;cid=756","Brooke","Miller","volumeten@gmail.com"
"379","http://www.peopleshistory.us/civicrm/contact/view?reset=1&amp;cid=757","Craig","Miller","craig_c_miller@yahoo.com"
"380","http://www.peopleshistory.us/civicrm/contact/view?reset=1&amp;cid=758","Robert","Miller","remtke@yahoo.com"
"381","http://www.peopleshistory.us/civicrm/contact/view?reset=1&amp;cid=759","William","Miller","millerb@scc.losrios.edu"
"382","http://www.peopleshistory.us/civicrm/contact/view?reset=1&amp;cid=760","Deena","Minwalla","dindoo@hotmail.com"
"383","http://www.peopleshistory.us/civicrm/contact/view?reset=1&amp;cid=761","Nancy","Mirabal","nancy.mirabal@gmail.com"
"384","http://www.peopleshistory.us/civicrm/contact/view?reset=1&amp;cid=762","Shannon","Mitchell","shannonlmitchell@gmail.com"
"385","http://www.peopleshistory.us/civicrm/contact/view?reset=1&amp;cid=763","Shona","Mitchell","shonarama@gmail.com"
"386","http://www.peopleshistory.us/civicrm/contact/view?reset=1&amp;cid=764","Nicole","Moison","nicolemoison711@gmail.com"
"387","http://www.peopleshistory.us/civicrm/contact/view?reset=1&amp;cid=765","Latasha","Monique","latasha_monique@yahoo.com"
"388","http://www.peopleshistory.us/civicrm/contact/view?reset=1&amp;cid=766","Phillip","Montalbano","aristatapjm@yahoo.com"
"389","http://www.peopleshistory.us/civicrm/contact/view?reset=1&amp;cid=767","Amy","Moore","nomountain@gmail.com"
"390","http://www.peopleshistory.us/civicrm/contact/view?reset=1&amp;cid=768","Nina","Moore","ninamo@mac.com"
"391","http://www.peopleshistory.us/civicrm/contact/view?reset=1&amp;cid=769","Shannon","Moore","shannon_waggoner@yahoo.com"
"392","http://www.peopleshistory.us/civicrm/contact/view?reset=1&amp;cid=770","Tad","Moore","tadmoore4@gmail.com"
"393","http://www.peopleshistory.us/civicrm/contact/view?reset=1&amp;cid=771","Mary","Morgan","bmsanfran@gmail.com"
"394","http://www.peopleshistory.us/civicrm/contact/view?reset=1&amp;cid=772","Gary","Morgret","garybill@gmail.com"
"395","http://www.peopleshistory.us/civicrm/contact/view?reset=1&amp;cid=773","Destin","Morris","destinmorris@gmail.com"
"396","http://www.peopleshistory.us/civicrm/contact/view?reset=1&amp;cid=774","Sandra","Morris","kathmorris@hotmail.com"
"397","http://www.peopleshistory.us/civicrm/contact/view?reset=1&amp;cid=775","Stephanie","Moy","stephanie.nodp@gmail.com"
"398","http://www.peopleshistory.us/civicrm/contact/view?reset=1&amp;cid=776","Anna","Muravitskaya","muravitskaya@yahoo.com"
"399","http://www.peopleshistory.us/civicrm/contact/view?reset=1&amp;cid=777","Mia","Nakano","mianakano@gmail.com"
"400","http://www.peopleshistory.us/civicrm/contact/view?reset=1&amp;cid=778","Stephen","Neat","steve_neat@yahoo.com"
"401","http://www.peopleshistory.us/civicrm/contact/view?reset=1&amp;cid=779","Monica","Ng","mng@sffriendsschool.org",""
"402","http://www.peopleshistory.us/civicrm/contact/view?reset=1&amp;cid=780","Hieu","Ngo","hieuminhngo@yahoo.com",""
"403","http://www.peopleshistory.us/civicrm/contact/view?reset=1&amp;cid=781","Dan","Nguyen","dan_nt@yahoo.com",""
"404","http://www.peopleshistory.us/civicrm/contact/view?reset=1&amp;cid=782","Thuy","Nguyen","thuyannemarie@gmail.com","94115"
"405","http://www.peopleshistory.us/civicrm/contact/view?reset=1&amp;cid=783","Elizabeth","Nichols","eliznich@gmail.com",""
"406","http://www.peopleshistory.us/civicrm/contact/view?reset=1&amp;cid=784","Will","Nichols","anderkonto@yahoo.com",""
"407","http://www.peopleshistory.us/civicrm/contact/view?reset=1&amp;cid=785","Evelyn","Nieves","evelynjnieves@yahoo.com",""
"408","http://www.peopleshistory.us/civicrm/contact/view?reset=1&amp;cid=786","Ashley","O'Brian","aobrian@scu.edu",""
"409","http://www.peopleshistory.us/civicrm/contact/view?reset=1&amp;cid=787","Megan","O'Brien","megan.obrien@gmail.com",""
"410","http://www.peopleshistory.us/civicrm/contact/view?reset=1&amp;cid=788","Mose","O'Griffin","fighdeaux@hotmail.com",""
"411","http://www.peopleshistory.us/civicrm/contact/view?reset=1&amp;cid=789","Maria","Ochoa","maria@mariaochoa.com","94542"
"412","http://www.peopleshistory.us/civicrm/contact/view?reset=1&amp;cid=790","Maria","Ochoa","mariaochoa@earthlink.net",""
"413","http://www.peopleshistory.us/civicrm/contact/view?reset=1&amp;cid=791","Kevin","Odle","kevinodle@yahoo.com",""
"414","http://www.peopleshistory.us/civicrm/contact/view?reset=1&amp;cid=792","J Wallace","Oman","walloman@aol.com",""
"415","http://www.peopleshistory.us/civicrm/contact/view?reset=1&amp;cid=793","Jamison","Otoole","jamisonotoole@gmail.com",""
"416","http://www.peopleshistory.us/civicrm/contact/view?reset=1&amp;cid=794","Chelsea","Owens","owenschelsea@gmail.com",""
"417","http://www.peopleshistory.us/civicrm/contact/view?reset=1&amp;cid=795","Serena","Par","serena.parr@gmail.com",""
"418","http://www.peopleshistory.us/civicrm/contact/view?reset=1&amp;cid=796","Paul","Paradis","paulrosaireparadis@hotmail.com",""
"419","http://www.peopleshistory.us/civicrm/contact/view?reset=1&amp;cid=797","Amber","Parrish","amber.parrish25@gmail.com",""
"420","http://www.peopleshistory.us/civicrm/contact/view?reset=1&amp;cid=798","Danilo","Pascaretta","dpascaretta@pacbell.net",""
"421","http://www.peopleshistory.us/civicrm/contact/view?reset=1&amp;cid=799","Sid","Patel","sidpatel99@yahoo.com",""
"422","http://www.peopleshistory.us/civicrm/contact/view?reset=1&amp;cid=800","Zarah","Patriana","mllezarah@gmail.com",""
"423","http://www.peopleshistory.us/civicrm/contact/view?reset=1&amp;cid=801","S. Smith","Patrick","cinesmith@earthlink.net",""
"424","http://www.peopleshistory.us/civicrm/contact/view?reset=1&amp;cid=802","David","Paul","dpaul4peace@yahoo.com",""
"425","http://www.peopleshistory.us/civicrm/contact/view?reset=1&amp;cid=803","Bryan","Peariso","bpeariso@yahoo.com","94122"
"426","http://www.peopleshistory.us/civicrm/contact/view?reset=1&amp;cid=804","Yasmeen","Peer","yasmeenpeer@gmail.com",""
"427","http://www.peopleshistory.us/civicrm/contact/view?reset=1&amp;cid=805","Celeste","Peifer","celestepeifer@gmail.com",""
"428","http://www.peopleshistory.us/civicrm/contact/view?reset=1&amp;cid=806","Carlino","Pellegrini","Carlino415@sbcglobal.net",""
"429","http://www.peopleshistory.us/civicrm/contact/view?reset=1&amp;cid=807","Jordan","Pelot-Whitcomb","jordan.pelot@gmail.com",""
"430","http://www.peopleshistory.us/civicrm/contact/view?reset=1&amp;cid=808","Susan","Pennell","susan.pennell@gmail.com","P.O. Box220, Coarsegold, CA 93614"
"431","http://www.peopleshistory.us/civicrm/contact/view?reset=1&amp;cid=809","Christen","Penny","hobo66@hotmail.com","3940 Mission St. SF CA 94112"
"432","http://www.peopleshistory.us/civicrm/contact/view?reset=1&amp;cid=810","Elisabeth","Perez","elisabethhperez@gmail.com",""
"433","http://www.peopleshistory.us/civicrm/contact/view?reset=1&amp;cid=811","Rick","Perez","ultrarickperez@yahoo.com",""
"434","http://www.peopleshistory.us/civicrm/contact/view?reset=1&amp;cid=812","Sheila","Perlite","skperlite@sbcglobal.net",""
"435","http://www.peopleshistory.us/civicrm/contact/view?reset=1&amp;cid=813","Jeffrey","Perlstein","jeffp123@gmail.com",""
"436","http://www.peopleshistory.us/civicrm/contact/view?reset=1&amp;cid=814","Rachel","Peters","muyongga03@gmail.com",""
"437","http://www.peopleshistory.us/civicrm/contact/view?reset=1&amp;cid=815","Travis","Peterson","travis.r.peterson@gmail.com",""
"438","http://www.peopleshistory.us/civicrm/contact/view?reset=1&amp;cid=816","John","Petrovsky","Jpetrovsky@ma.org",""
"439","http://www.peopleshistory.us/civicrm/contact/view?reset=1&amp;cid=817","Nalalya","Pivovarova","natasha.fp@gmail.com",""
"440","http://www.peopleshistory.us/civicrm/contact/view?reset=1&amp;cid=818","Steve","Place","steve@lucidapple.com",""
"441","http://www.peopleshistory.us/civicrm/contact/view?reset=1&amp;cid=819","Melissa","Poblete","mpoblete23@yahoo.com",""
"442","http://www.peopleshistory.us/civicrm/contact/view?reset=1&amp;cid=820","Sarah","Poole","sarahkpoole@gmail.com","94117"
"443","http://www.peopleshistory.us/civicrm/contact/view?reset=1&amp;cid=821","Sean","Poremba","porembas@sbcglobal.net",""
"444","http://www.peopleshistory.us/civicrm/contact/view?reset=1&amp;cid=822","Mark","Portuondo","mportuondo123@yahoo.com","2866 24th Street, SF, CA 94110"
"445","http://www.peopleshistory.us/civicrm/contact/view?reset=1&amp;cid=823","Elisa","Prado","elisaprado949@yahoo.com","94121"
"446","http://www.peopleshistory.us/civicrm/contact/view?reset=1&amp;cid=824","Erin","Prado","erinprado@gmail.com",""
"447","http://www.peopleshistory.us/civicrm/contact/view?reset=1&amp;cid=825","Shana","Prechtl","sprechtl@lflm.com",""
"448","http://www.peopleshistory.us/civicrm/contact/view?reset=1&amp;cid=826","Rob","Q","robq@gmail.com",""
"449","http://www.peopleshistory.us/civicrm/contact/view?reset=1&amp;cid=827","Tagi","Qolouvaki","canoetree@gmail.com","94606"
"450","http://www.peopleshistory.us/civicrm/contact/view?reset=1&amp;cid=828","Rob","Quintaliani","robq12@gmail.com",""
"451","http://www.peopleshistory.us/civicrm/contact/view?reset=1&amp;cid=829","Yasmin","Radjy","yazzersize@gmail.com",""
"452","http://www.peopleshistory.us/civicrm/contact/view?reset=1&amp;cid=830","Gustavo","Ramirez","goose@cinematico.com",""
"453","http://www.peopleshistory.us/civicrm/contact/view?reset=1&amp;cid=831","Marissa","Ramos","marissa.g.ram@gmail.com",""
"454","http://www.peopleshistory.us/civicrm/contact/view?reset=1&amp;cid=832","Stephen","Ramos","ramos_stephen@yahoo.com","94619"
"455","http://www.peopleshistory.us/civicrm/contact/view?reset=1&amp;cid=833","Spencer","Rangitsch","ditchlife@hotmail.com",""
"456","http://www.peopleshistory.us/civicrm/contact/view?reset=1&amp;cid=834","Krisitn","Rasmussen","kristinalexandra@gmail.com","94089"
"457","http://www.peopleshistory.us/civicrm/contact/view?reset=1&amp;cid=835","Raka Ray","Ray","rakaray@berkeley.edu",""
"458","http://www.peopleshistory.us/civicrm/contact/view?reset=1&amp;cid=836","Wendy","Ray","wendy.ray@aspirepublicschools.org",""
"459","http://www.peopleshistory.us/civicrm/contact/view?reset=1&amp;cid=837","Richard","Redford","richardredford09@mittymonarch.com",""
"460","http://www.peopleshistory.us/civicrm/contact/view?reset=1&amp;cid=838","Julia","Reed","Julia.Reed@emerson.edu","90232"
"461","http://www.peopleshistory.us/civicrm/contact/view?reset=1&amp;cid=839","Julia","Reed","Juliaguliaproductions@gmail.com",""
"462","http://www.peopleshistory.us/civicrm/contact/view?reset=1&amp;cid=840","Avishag","Reisman","areisman@stanford.edu",""
"463","http://www.peopleshistory.us/civicrm/contact/view?reset=1&amp;cid=841","Rachelle","Resnick","rresn50@comcast.net",""
"464","http://www.peopleshistory.us/civicrm/contact/view?reset=1&amp;cid=842","Andrea","Richards","arichards5@juno.com",""
"465","http://www.peopleshistory.us/civicrm/contact/view?reset=1&amp;cid=843","K","Richards","kricharts@hotmail.com","94116"
"466","http://www.peopleshistory.us/civicrm/contact/view?reset=1&amp;cid=844","Derek","Riker","driker319@gmail.com",""
"467","http://www.peopleshistory.us/civicrm/contact/view?reset=1&amp;cid=845","Misty","Risk","mistyrisk@yahoo.com","94602"
"468","http://www.peopleshistory.us/civicrm/contact/view?reset=1&amp;cid=846","Matthew","Ritter","ritter@gmail.com",""
"469","http://www.peopleshistory.us/civicrm/contact/view?reset=1&amp;cid=847","Susan","Ritter","ritters@sfusd.edu",""
"470","http://www.peopleshistory.us/civicrm/contact/view?reset=1&amp;cid=848","Annett","Rober","aroeber74@hotmail.com","94110"
"471","http://www.peopleshistory.us/civicrm/contact/view?reset=1&amp;cid=849","Katherine","Roberts","grrlfriday@mac.com","94117"
"472","http://www.peopleshistory.us/civicrm/contact/view?reset=1&amp;cid=850","Cynthia","Robertson","craerob@yahoo.com",""
"473","http://www.peopleshistory.us/civicrm/contact/view?reset=1&amp;cid=851","Lynn","Robinson","lrobinson@cccyo.org",""
"474","http://www.peopleshistory.us/civicrm/contact/view?reset=1&amp;cid=852","Jan","Rodolfo","janrodolfo@warpmail.net",""
"475","http://www.peopleshistory.us/civicrm/contact/view?reset=1&amp;cid=853","Elizabeth","Rodriguez","erodrigu100@hotmail.com",""
"476","http://www.peopleshistory.us/civicrm/contact/view?reset=1&amp;cid=854","Pablo","Rodriguez","pabrodriguez@yahoo.com",""
"477","http://www.peopleshistory.us/civicrm/contact/view?reset=1&amp;cid=855","Kaija-Leena","Romero","kai.romero@gmail.com",""
"478","http://www.peopleshistory.us/civicrm/contact/view?reset=1&amp;cid=856","Virginia","Rosales","paradisecove360@comcast.net",""
"479","http://www.peopleshistory.us/civicrm/contact/view?reset=1&amp;cid=857","Maria","Rosales-Uribe","nicaroses@mac.com",""
"480","http://www.peopleshistory.us/civicrm/contact/view?reset=1&amp;cid=858","Emily","Rose","emilyrose810@yahoo.com",""
"481","http://www.peopleshistory.us/civicrm/contact/view?reset=1&amp;cid=859","Toni","Rubardt","trubardt@gmail.com",""
"482","http://www.peopleshistory.us/civicrm/contact/view?reset=1&amp;cid=860","Michael","Rubinstein","michael@polyblog.com",""
"483","http://www.peopleshistory.us/civicrm/contact/view?reset=1&amp;cid=861","Maria","Ruiz","mruiz@mills.edu",""
"484","http://www.peopleshistory.us/civicrm/contact/view?reset=1&amp;cid=862","Sheila","Russel","sheilarussel11@yahoo.com","94610"
"485","http://www.peopleshistory.us/civicrm/contact/view?reset=1&amp;cid=863","Shira","Rutman","shirarutman@yahoo.com",""
"486","http://www.peopleshistory.us/civicrm/contact/view?reset=1&amp;cid=864","Msae","sabri","ripher@yahoo.com",""
"487","http://www.peopleshistory.us/civicrm/contact/view?reset=1&amp;cid=865","Dana","Saks","dana_ruth@yahoo.com",""
"488","http://www.peopleshistory.us/civicrm/contact/view?reset=1&amp;cid=866","Leila","Salazar","leila@ran.org",""
"489","http://www.peopleshistory.us/civicrm/contact/view?reset=1&amp;cid=867","Brenda","Salgado","bsalgado@mindspring.com",""
"490","http://www.peopleshistory.us/civicrm/contact/view?reset=1&amp;cid=868","Blair","Sandler","dr.lapin@drlapin.org","94110"
"491","http://www.peopleshistory.us/civicrm/contact/view?reset=1&amp;cid=869","Meredith","Santiago","meredithchase@yahoo.com",""
"492","http://www.peopleshistory.us/civicrm/contact/view?reset=1&amp;cid=870","Junko","Sasaki","Sasajun@gmail.com",""
"493","http://www.peopleshistory.us/civicrm/contact/view?reset=1&amp;cid=871","Gary","Saso","gjsaso@gmail.com",""
"494","http://www.peopleshistory.us/civicrm/contact/view?reset=1&amp;cid=872","Ray Takuji","Sato","sitkaray@gmail.com",""
"495","http://www.peopleshistory.us/civicrm/contact/view?reset=1&amp;cid=873","Forrest","Schaefer","sinlado@yahoo.com",""
"496","http://www.peopleshistory.us/civicrm/contact/view?reset=1&amp;cid=874","Loren","Schaffzin","loren_schaffzin@hotmail.com",""
"497","http://www.peopleshistory.us/civicrm/contact/view?reset=1&amp;cid=875","Tamara","Schane","tamara_schane@yahoo.com",""
"498","http://www.peopleshistory.us/civicrm/contact/view?reset=1&amp;cid=876","Rachel","Schapira","rschapira@gmail.com",""
"499","http://www.peopleshistory.us/civicrm/contact/view?reset=1&amp;cid=877","Peter","Schlange","petea1c@gmail.com",""
"500","http://www.peopleshistory.us/civicrm/contact/view?reset=1&amp;cid=878","Bobbie","Schmaus","schmaushaus@aol.com",""
"501","http://www.peopleshistory.us/civicrm/contact/view?reset=1&amp;cid=879","Kenny","Schmaus","schmaushaus@att.net","1728 King St. Santa Rosa, CA 95404"
"502","http://www.peopleshistory.us/civicrm/contact/view?reset=1&amp;cid=880","Ben","Schmerker","bschmerker@transfairusa.org",""
"503","http://www.peopleshistory.us/civicrm/contact/view?reset=1&amp;cid=881","Amy","Schwager","schwageramy@gmail.com",""
"504","http://www.peopleshistory.us/civicrm/contact/view?reset=1&amp;cid=882","Jen","Schwantes","jen_margaret74@yahoo.com",""
"505","http://www.peopleshistory.us/civicrm/contact/view?reset=1&amp;cid=883","Colin","Scibetta","cscibetta@gmail.com",""
"506","http://www.peopleshistory.us/civicrm/contact/view?reset=1&amp;cid=884","Dawn","Scribner","scribstress@gmail.com",""
"507","http://www.peopleshistory.us/civicrm/contact/view?reset=1&amp;cid=885","Laura","Scully","laura17s@hotmail.com",""
"508","http://www.peopleshistory.us/civicrm/contact/view?reset=1&amp;cid=886","Lesley","Segedy","lsegedy@yahoo.com",""
"509","http://www.peopleshistory.us/civicrm/contact/view?reset=1&amp;cid=887","Fakhra","Shah","fakhra.shah@gmail.com",""
"510","http://www.peopleshistory.us/civicrm/contact/view?reset=1&amp;cid=888","Margaret","Sheets","margaretrrice@yahoo.com",""
"511","http://www.peopleshistory.us/civicrm/contact/view?reset=1&amp;cid=889","Alison","Shepard","alshep1@sbcglobal.net",""
"512","http://www.peopleshistory.us/civicrm/contact/view?reset=1&amp;cid=890","Moana","Sherrill","moanasherrill@hotmail.com",""
"513","http://www.peopleshistory.us/civicrm/contact/view?reset=1&amp;cid=891","Kiyoshi","Shintani","kshinta1@gmail.com",""
"514","http://www.peopleshistory.us/civicrm/contact/view?reset=1&amp;cid=892","Mandy","Shlugleit","shlugleit@sbcglobal.net","521 53rd St. Oakland CA 94609"
"515","http://www.peopleshistory.us/civicrm/contact/view?reset=1&amp;cid=893","Sara","Shortt","sara@hrcsf.org",""
"516","http://www.peopleshistory.us/civicrm/contact/view?reset=1&amp;cid=894","Ashley","Shult","ashleyshult@gmail.com",""
"517","http://www.peopleshistory.us/civicrm/contact/view?reset=1&amp;cid=895","Heidi","Sieck","hlsieck@yahoo.com",""
"518","http://www.peopleshistory.us/civicrm/contact/view?reset=1&amp;cid=896","Brenna","Silberstein","stillsmalljourney@yahoo.com",""
"519","http://www.peopleshistory.us/civicrm/contact/view?reset=1&amp;cid=897","Abbye","Simkowitz","abbyesimko@yahoo.com",""
"520","http://www.peopleshistory.us/civicrm/contact/view?reset=1&amp;cid=898","Sareena","Singh","sareena.singh@gmail.com",""
"521","http://www.peopleshistory.us/civicrm/contact/view?reset=1&amp;cid=899","Kym","Sites","ksites@sfsu.edu","3249 Sacramento St. SF CA 94115"
"522","http://www.peopleshistory.us/civicrm/contact/view?reset=1&amp;cid=900","Chandra","Sivakumar","jitterbug@gmail.com",""
"523","http://www.peopleshistory.us/civicrm/contact/view?reset=1&amp;cid=901","Lorrie Beth","Slonsky","larryandlorrie@aol.com",""
"524","http://www.peopleshistory.us/civicrm/contact/view?reset=1&amp;cid=902","Nicole","Small","ms.small@sbcglobal.net",""
"525","http://www.peopleshistory.us/civicrm/contact/view?reset=1&amp;cid=903","Andrew","Smith","dashyourdreams@gmail.com",""
"526","http://www.peopleshistory.us/civicrm/contact/view?reset=1&amp;cid=903","Andrew","Smith","dashyourdreams@gmail.com",""
"527","http://www.peopleshistory.us/civicrm/contact/view?reset=1&amp;cid=904","Candice","Smith","candice19672001@yahoo.com",""
"528","http://www.peopleshistory.us/civicrm/contact/view?reset=1&amp;cid=905","Gary","Smith","imbroco@sfsu.edu",""
"529","http://www.peopleshistory.us/civicrm/contact/view?reset=1&amp;cid=906","Lia","Smith","ljsmith@ccsf.edu",""
"530","http://www.peopleshistory.us/civicrm/contact/view?reset=1&amp;cid=907","Sara","Smith","saras2@gmail.com","870 54th St. Oakland CA 94608"
"531","http://www.peopleshistory.us/civicrm/contact/view?reset=1&amp;cid=908","Annette","Snyder","snyann@yahoo.com",""
"532","http://www.peopleshistory.us/civicrm/contact/view?reset=1&amp;cid=909","Tina","Solovieff","tinasolo@juno.com",""
"533","http://www.peopleshistory.us/civicrm/contact/view?reset=1&amp;cid=910","Brett","Spitnale","bspitnal@yahoo.com",""
"534","http://www.peopleshistory.us/civicrm/contact/view?reset=1&amp;cid=911","Jason","Stack","jes411@gmail.com",""
"535","http://www.peopleshistory.us/civicrm/contact/view?reset=1&amp;cid=912","Mimi","Staff","ohnumb1@yahoo.com",""
"536","http://www.peopleshistory.us/civicrm/contact/view?reset=1&amp;cid=913","Paulann","Stanberg","centsayuna@pacbell.net","94112"
"537","http://www.peopleshistory.us/civicrm/contact/view?reset=1&amp;cid=914","Jeremy","Stanifer","jeremy@jaeyj.com",""
"538","http://www.peopleshistory.us/civicrm/contact/view?reset=1&amp;cid=915","Joseph","Steinberger","jsteinberger@baaqmd.gov",""
"539","http://www.peopleshistory.us/civicrm/contact/view?reset=1&amp;cid=916","Chadwick","Stephenson","chadstep@gmail.com",""
"540","http://www.peopleshistory.us/civicrm/contact/view?reset=1&amp;cid=917","Gregory","Stock","gregory.thomas.stock@gmail.com",""
"541","http://www.peopleshistory.us/civicrm/contact/view?reset=1&amp;cid=918","Sam","Strauss","sam.strauss@gmail.com",""
"542","http://www.peopleshistory.us/civicrm/contact/view?reset=1&amp;cid=919","Sebastian","Stuart","sebastian@cyberdoc.biz",""
"543","http://www.peopleshistory.us/civicrm/contact/view?reset=1&amp;cid=920","Jennifer","Susskind","jsusskind@hotmail.com",""
"544","http://www.peopleshistory.us/civicrm/contact/view?reset=1&amp;cid=921","Jane","Swan","Janeswan@gmail.com",""
"545","http://www.peopleshistory.us/civicrm/contact/view?reset=1&amp;cid=922","Jane","Swan","jes14@ntrs.com",""
"546","http://www.peopleshistory.us/civicrm/contact/view?reset=1&amp;cid=923","Christine","Swayne","christine.swayne@gmail.com",""
"547","http://www.peopleshistory.us/civicrm/contact/view?reset=1&amp;cid=924","Mary","Switzer","mvswitzer@hotmail.com",""
"548","http://www.peopleshistory.us/civicrm/contact/view?reset=1&amp;cid=925","Susan","Tabrah","tabrah@yahoo.com",""
"549","http://www.peopleshistory.us/civicrm/contact/view?reset=1&amp;cid=926","Alice","Talley","isaomarquez@yahoo.com",""
"550","http://www.peopleshistory.us/civicrm/contact/view?reset=1&amp;cid=927","Robert","Talley","robert_edward_talley@yahoo.com",""
"551","http://www.peopleshistory.us/civicrm/contact/view?reset=1&amp;cid=928","Patrice","Tardif","patrice465@yahoo.com",""
"552","http://www.peopleshistory.us/civicrm/contact/view?reset=1&amp;cid=929","Jonathon","Taylor","jonathont@gmail.com",""
"553","http://www.peopleshistory.us/civicrm/contact/view?reset=1&amp;cid=930","Molly","Taylor","mollyataylor@hotmail.com",""
"554","http://www.peopleshistory.us/civicrm/contact/view?reset=1&amp;cid=931","Beth","Tellman","etellman@scu.edu",""
"555","http://www.peopleshistory.us/civicrm/contact/view?reset=1&amp;cid=932","Elizabeth","Terzakis","emterzakis@comcast.net",""
"556","http://www.peopleshistory.us/civicrm/contact/view?reset=1&amp;cid=933","Andy","Thomas","andythomas@gmail.com",""
"557","http://www.peopleshistory.us/civicrm/contact/view?reset=1&amp;cid=934","Lane","Thorson","thor53@hotmail.com",""
"558","http://www.peopleshistory.us/civicrm/contact/view?reset=1&amp;cid=935","Kristin","Timkin","info@kristimken.com",""
"559","http://www.peopleshistory.us/civicrm/contact/view?reset=1&amp;cid=936","Celia","Torres","celiabmw@yahoo.com",""
"560","http://www.peopleshistory.us/civicrm/contact/view?reset=1&amp;cid=937","Jen","Toth","jenniferm.toth@gmail.com","94115"
"561","http://www.peopleshistory.us/civicrm/contact/view?reset=1&amp;cid=937","Jen","Toth","jenniferm.toth@gmail.com","94115"
"562","http://www.peopleshistory.us/civicrm/contact/view?reset=1&amp;cid=938","Kirya","Traber","kiryakitty@gmail.com","94110"
"563","http://www.peopleshistory.us/civicrm/contact/view?reset=1&amp;cid=939","James","Tracy","jamestracysf@earthlink.net",""
"564","http://www.peopleshistory.us/civicrm/contact/view?reset=1&amp;cid=940","Sarah","Treuhaft","sctreuhaft@yahoo.com",""
"565","http://www.peopleshistory.us/civicrm/contact/view?reset=1&amp;cid=941","Alta","Tseng","info@altatseng.com",""
"566","http://www.peopleshistory.us/civicrm/contact/view?reset=1&amp;cid=942","Jeremiah","Turner","Jeremiahturner@yahoo.com",""
"567","http://www.peopleshistory.us/civicrm/contact/view?reset=1&amp;cid=943","Melissa","Turos","seroogt@yahoo.com","94117"
"568","http://www.peopleshistory.us/civicrm/contact/view?reset=1&amp;cid=944","Elizabeth","Twidwell","etwidwell@hansonbridgett.com",""
"569","http://www.peopleshistory.us/civicrm/contact/view?reset=1&amp;cid=945","Betsy","Twitchell","betsytwitchell@yahoo.com","94610"
"570","http://www.peopleshistory.us/civicrm/contact/view?reset=1&amp;cid=946","Angela","Urata","ajurata@hotmail.com",""
"571","http://www.peopleshistory.us/civicrm/contact/view?reset=1&amp;cid=947","Brittany","Urban","britt.urban@gmail.com",""
"572","http://www.peopleshistory.us/civicrm/contact/view?reset=1&amp;cid=948","Chris","Uskert","cpuskert@gmail.com",""
"573","http://www.peopleshistory.us/civicrm/contact/view?reset=1&amp;cid=949","Aditi","Vaidya","aditi@mutualaid.org",""
"574","http://www.peopleshistory.us/civicrm/contact/view?reset=1&amp;cid=950","Myra","Vallianos","sailortink@yahoo.com",""
"575","http://www.peopleshistory.us/civicrm/contact/view?reset=1&amp;cid=951","Seana","Van Buren","skelly@berkeley.edu",""
"576","http://www.peopleshistory.us/civicrm/contact/view?reset=1&amp;cid=952","Michael","Vandierdonck","MVANDIERDONCK@SBCGLOBAL.NET",""
"577","http://www.peopleshistory.us/civicrm/contact/view?reset=1&amp;cid=953","Max","VanEngers","maxvan.engers@gmail.com","98291"
"578","http://www.peopleshistory.us/civicrm/contact/view?reset=1&amp;cid=954","Jodie","VanHorn","jodievh@gmail.com",""
"579","http://www.peopleshistory.us/civicrm/contact/view?reset=1&amp;cid=955","Stephanie","Vargas","stephanie.vargas@gmail.com",""
"580","http://www.peopleshistory.us/civicrm/contact/view?reset=1&amp;cid=956","Jason","Vaudrey","jedvaudrey@gmail.com",""
"581","http://www.peopleshistory.us/civicrm/contact/view?reset=1&amp;cid=957","Christina","Vickory","chrisvickory@gmail.com",""
"582","http://www.peopleshistory.us/civicrm/contact/view?reset=1&amp;cid=958","Michelle","Vidal","vidami00@hotmail.com",""
"583","http://www.peopleshistory.us/civicrm/contact/view?reset=1&amp;cid=959","Ana","Villalobos","anavilla@berkeley.edu",""
"584","http://www.peopleshistory.us/civicrm/contact/view?reset=1&amp;cid=263","Kim","Vinh","kimvinh@stanfordalumni.org",""
"585","http://www.peopleshistory.us/civicrm/contact/view?reset=1&amp;cid=960","Daniel","Wagner","centauro291@hotmail.com",""
"586","http://www.peopleshistory.us/civicrm/contact/view?reset=1&amp;cid=961","Geoffrey","Walker","geoffrw@aol.com",""
"592","http://www.peopleshistory.us/civicrm/contact/view?reset=1&amp;cid=233","Adrienne","Weiss","adrienneweiss@gmail.com",""
"608","http://www.peopleshistory.us/civicrm/contact/view?reset=1&amp;cid=982","Susan","Witka","witkasf@yahoo.com","94121"